{
  "mu_n": 2.2234043542482915,
  "std_n": 0.7431984245341507,
  "mu_eg": 2.3574205287713843,
  "std_eg": 1.6913895499158391
}