{
  "MagpieData mean MeltingT": 0.06943076103925705,
  "MagpieData minimum MeltingT": 0.051411449909210205,
  "MagpieData range Electronegativity": 0.03801831603050232,
  "MagpieData avg_dev Electronegativity": 0.036706287413835526,
  "MagpieData mode MeltingT": 0.02848370000720024,
  "MagpieData mean NUnfilled": 0.025233518332242966,
  "MagpieData avg_dev NpValence": 0.01738603040575981,
  "MagpieData mean NdUnfilled": 0.01732523739337921,
  "MagpieData maximum Electronegativity": 0.015509974211454391,
  "MagpieData avg_dev MeltingT": 0.014719436876475811,
  "MagpieData mean Electronegativity": 0.01262553408741951,
  "MagpieData mode Electronegativity": 0.011326794512569904,
  "MagpieData mean Number": 0.010903039015829563,
  "MagpieData avg_dev CovalentRadius": 0.010641638189554214,
  "MagpieData mean MendeleevNumber": 0.010381962172687054,
  "MagpieData avg_dev NUnfilled": 0.010124280117452145,
  "MagpieData avg_dev NdValence": 0.009219756349921227,
  "7-norm": 0.008989532478153706,
  "MagpieData mean NpUnfilled": 0.008923081681132317,
  "MagpieData maximum NdValence": 0.00887067150324583,
  "MagpieData maximum MeltingT": 0.008785196579992771,
  "MagpieData range MeltingT": 0.008526293560862541,
  "MagpieData avg_dev NValence": 0.008508110418915749,
  "MagpieData minimum MendeleevNumber": 0.008355817757546902,
  "MagpieData mean NValence": 0.008350158110260963,
  "MagpieData range NdValence": 0.007939084433019161,
  "MagpieData avg_dev GSbandgap": 0.0074953678995370865,
  "MagpieData avg_dev GSvolume_pa": 0.007158351130783558,
  "MagpieData avg_dev SpaceGroupNumber": 0.007017393596470356,
  "MagpieData mean NdValence": 0.006732158828526735,
  "MagpieData mode MendeleevNumber": 0.006723014637827873,
  "MagpieData mean GSbandgap": 0.006424635648727417,
  "MagpieData mean CovalentRadius": 0.006221236195415258,
  "MagpieData minimum NUnfilled": 0.006189676001667976,
  "MagpieData mean SpaceGroupNumber": 0.006170598790049553,
  "MagpieData range CovalentRadius": 0.005881448742002249,
  "MagpieData mean NpValence": 0.005833829753100872,
  "MagpieData avg_dev Number": 0.005771710071712732,
  "MagpieData minimum Number": 0.005676818545907736,
  "MagpieData maximum GSvolume_pa": 0.005663754418492317,
  "2-norm": 0.005627564620226622,
  "MagpieData minimum GSvolume_pa": 0.005577605217695236,
  "MagpieData maximum CovalentRadius": 0.0054547288455069065,
  "MagpieData maximum Number": 0.005422357469797134,
  "MagpieData mean GSvolume_pa": 0.005326490383595228,
  "MagpieData minimum Electronegativity": 0.005257541313767433,
  "MagpieData maximum MendeleevNumber": 0.005059876479208469,
  "MagpieData mean NsValence": 0.004985349252820015,
  "MagpieData avg_dev NpUnfilled": 0.004786712117493153,
  "MagpieData avg_dev MendeleevNumber": 0.004762451164424419,
  "MagpieData mean Column": 0.004451356362551451,
  "MagpieData maximum NUnfilled": 0.004216300323605537,
  "MagpieData maximum NValence": 0.003931550309062004,
  "MagpieData avg_dev Column": 0.0036381790414452553,
  "MagpieData avg_dev Row": 0.0035216843243688345,
  "MagpieData range GSvolume_pa": 0.0034863718319684267,
  "MagpieData range Number": 0.0032744579948484898,
  "MagpieData range SpaceGroupNumber": 0.0032214969396591187,
  "MagpieData minimum CovalentRadius": 0.0030850281473249197,
  "MagpieData range Column": 0.0029888551216572523,
  "MagpieData mode CovalentRadius": 0.0029268369544297457,
  "MagpieData mean NfValence": 0.002899360377341509,
  "MagpieData maximum NdUnfilled": 0.0027917090337723494,
  "MagpieData range NpValence": 0.0026674538385123014,
  "MagpieData avg_dev NsValence": 0.0022707649040967226,
  "MagpieData maximum NpUnfilled": 0.0021939934231340885,
  "MagpieData minimum SpaceGroupNumber": 0.0020870224107056856,
  "MagpieData mode GSbandgap": 0.002049873350188136,
  "MagpieData minimum NValence": 0.00204113544896245,
  "MagpieData range NValence": 0.0019632710609585047,
  "MagpieData mean GSmagmom": 0.001808477914892137,
  "MagpieData maximum GSbandgap": 0.0017499887617304921,
  "MagpieData range NpUnfilled": 0.0016823692712932825,
  "MagpieData mode NUnfilled": 0.0016597432550042868,
  "MagpieData maximum SpaceGroupNumber": 0.001513723749667406,
  "MagpieData mode SpaceGroupNumber": 0.001489921472966671,
  "MagpieData maximum GSmagmom": 0.00147207360714674,
  "MagpieData mean NfUnfilled": 0.0014112743083387613,
  "MagpieData mode Column": 0.001319550327025354,
  "MagpieData mode GSvolume_pa": 0.001309004845097661,
  "MagpieData minimum Column": 0.0012250386644154787,
  "MagpieData mode Number": 0.0012152952840551734,
  "MagpieData maximum Column": 0.0010640528053045273,
  "0-norm": 0.0009300411329604685,
  "MagpieData maximum Row": 0.0008022482506930828,
  "MagpieData range Row": 0.0007587053114548326,
  "MagpieData minimum Row": 0.0006620737840421498,
  "MagpieData maximum NpValence": 0.0006243177922442555,
  "MagpieData mode NValence": 0.0005948699545115232,
  "MagpieData mode NpUnfilled": 0.0005865350249223411,
  "MagpieData maximum NfValence": 0.000504914321936667,
  "MagpieData mode NpValence": 0.00042629483505152166,
  "MagpieData minimum GSbandgap": 0.0004174495115876198,
  "MagpieData mode NsUnfilled": 0.00039954972453415394,
  "MagpieData maximum NfUnfilled": 0.00025061576161533594,
  "MagpieData minimum NdValence": 0.00022738946427125484,
  "MagpieData minimum NpUnfilled": 0.00018988231022376567,
  "MagpieData minimum NsValence": 0.0001632976345717907,
  "MagpieData maximum NsUnfilled": 0.0001530305453343317,
  "MagpieData mode NsValence": 9.417362161912024e-05,
  "MagpieData minimum NpValence": 7.770364754833281e-05,
  "MagpieData mode NdValence": 5.585183316725306e-05,
  "MagpieData mode NdUnfilled": 1.5056642041599844e-05,
  "MagpieData mode NfValence": 1.2924797374580521e-05,
  "MagpieData maximum NsValence": 3.8115688312245766e-06,
  "MagpieData minimum NsUnfilled": 1.1012198228854686e-06,
  "MagpieData minimum NfUnfilled": 0.0,
  "MagpieData minimum NfValence": 0.0,
  "MagpieData minimum GSmagmom": 0.0,
  "MagpieData mode GSmagmom": 0.0,
  "MagpieData minimum NdUnfilled": 0.0,
  "MagpieData mode NfUnfilled": 0.0
}